FileID,SampleID,SubjectID,Timepoint,Group,Venetoclax
p24027-s001_MK02-Day25-ART,MK02-Day25-ART,MK02,Day25,ART,None
p24027-s002_MK92-Day25-ART,MK92-Day25-ART,MK92,Day25,ART,None
p24027-s003_MM12-Day25-ARTposVenetoclax,MM12-Day25-ARTposVenetoclax,MM12,Day25,ARTposVenetoclax,Venetoclax
p24027-s004_MM88-Day25-ARTposVenetoclax,MM88-Day25-ARTposVenetoclax,MM88,Day25,ARTposVenetoclax,Venetoclax
p24027-s005_MR11-Day25-ARTposVenetoclaxposantiposCD8,MR11-Day25-ARTposVenetoclaxposantiposCD8,MR11,Day25,ARTposVenetoclaxposantiposCD8,Venetoclax
p24027-s006_NA01-Day25-ARTposVenetoclaxposantiposCD8,NA01-Day25-ARTposVenetoclaxposantiposCD8,NA01,Day25,ARTposVenetoclaxposantiposCD8,Venetoclax
p24027-s007_ME53-Day25-ART,ME53-Day25-ART,ME53,Day25,ART,None
p24027-s008_MN10-Day25-ART,MN10-Day25-ART,MN10,Day25,ART,None
p24027-s009_MN79-Day25-ARTposVenetoclax,MN79-Day25-ARTposVenetoclax,MN79,Day25,ARTposVenetoclax,Venetoclax
p24027-s010_MN86-Day25-ARTposVenetoclax,MN86-Day25-ARTposVenetoclax,MN86,Day25,ARTposVenetoclax,Venetoclax
p24027-s011_NA73-Day25-ARTposVenetoclaxposantiposCD8,NA73-Day25-ARTposVenetoclaxposantiposCD8,NA73,Day25,ARTposVenetoclaxposantiposCD8,Venetoclax
